{"APE":5.6195,"BTC":24735.295,"BCH":136.42000000000087,"DAI":0.99985,"DOGE":0.088775,"ETH":1699.265,"LTC":100.0999999999999,"SHIB":0.000013285,"USDT":1.000135,"USDC":1,"MATIC":1.50955,"TON":2.3509156499999997}